centerPathDist,indPathDist,ForagingIntake,foraginIntakeSD
210.75255640537375,211.6446905696076,0.2374138888888889,0.017464517255892254,

