centerPathDist,indPathDist,ForagingIntake,foraginIntakeSD
241.29670388909688,241.49657435073357,0.4430555555555555,0.022120730452674892,

