centerPathDist,indPathDist,ForagingIntake,foraginIntakeSD
1.5418336527421321,3.2500695531009662,0.762,0.002134444444444445,

