centerPathDist,indPathDist,ForagingIntake,foraginIntakeSD
0.632828008890423,0.6579613640075349,0.7377777777777778,0.003880972222222223,

